entity,subgroup
ABW,0
AGO,5
ALB,3
AND,0
ARE,0
ARG,0
ARM,3
ATG,0
AUS,0
AUT,0
AZE,3
BDI,0
BEL,0
BEN,0
BFA,5
BGD,3
BGR,0
BHR,0
BHS,0
BIH,3
BLR,3
BLZ,0
BMU,0
BOL,0
BRA,0
BRB,0
BRN,0
BTN,3
BWA,0
CAF,5
CAN,0
CHE,0
CHL,0
CHN,3
CIV,5
CMR,5
COD,5
COG,5
COL,3
COM,5
CPV,3
CRI,0
CUB,3
CYP,0
CZE,0
DEU,0
DMA,0
DNK,0
DOM,0
DZA,0
ECU,3
EGY,0
ESP,0
EST,0
ETH,0
FIN,0
FJI,0
FRA,0
FSM,0
GAB,5
GBR,0
GEO,3
GHA,5
GIN,0
GMB,5
GNB,5
GNQ,5
GRC,0
GRD,0
GRL,0
GTM,0
GUY,3
HKG,0
HND,0
HRV,0
HTI,0
HUN,0
IDN,3
IMN,3
IND,3
IRL,0
IRN,3
IRQ,5
ISL,0
ISR,0
ITA,0
JAM,0
JOR,0
JPN,0
KAZ,0
KEN,0
KGZ,0
KHM,0
KIR,5
KNA,0
KOR,0
KWT,0
LAO,0
LBN,0
LBR,5
LBY,0
LCA,0
LKA,3
LSO,0
LTU,0
LUX,0
LVA,0
MAC,0
MAR,3
MCO,0
MDA,3
MDG,5
MDV,3
MEX,0
MHL,0
MKD,0
MLI,0
MLT,0
MMR,3
MNG,0
MOZ,5
MRT,5
MUS,0
MWI,0
MYS,0
NAM,0
NER,0
NGA,0
NIC,0
NLD,0
NOR,0
NPL,0
NRU,5
NZL,0
OMN,0
PAK,0
PAN,0
PER,0
PHL,0
PLW,3
PNG,0
POL,0
PRI,0
PRT,0
PRY,0
PYF,0
QAT,0
ROU,0
RUS,3
RWA,5
SAU,3
SDN,0
SEN,0
SGP,0
SLB,5
SLE,5
SLV,3
SOM,5
STP,0
SUR,0
SVK,0
SVN,0
SWE,0
SWZ,0
SYC,0
TCD,5
TGO,0
THA,0
TJK,5
TKM,0
TLS,5
TON,0
TTO,0
TUN,0
TUR,0
TUV,0
TZA,0
UGA,0
UKR,3
URY,0
USA,0
UZB,0
VCT,0
VEN,0
VNM,3
VUT,5
WSM,0
ZAF,0
ZMB,0
ZWE,5
